time,foot_right_z_m,foot_left_z_m
0.0,0.006936736968110937,0.011126055599598644
0.01,0.014280488763766079,0.007939410756125998
0.02,0.014252643737754315,0.006328747062134999
0.03,0.010692530537195275,0.0031788339261549213
0.04,0.018410401583463583,0.0029361438619872468
0.05,0.019879224072131225,0.0036351830834939775
0.06,0.016931825345221595,0.002530933807773033
0.07,0.02158123281736173,0.00026044633376658035
0.08,0.024718191338096343,-0.0012249833162594269
0.09,0.02332248182324567,0.00017169483861666484
0.1,0.020149653693999528,-0.004711717602581548
0.11,0.02401149871734655,-0.0036173307663425283
0.12,0.02625033110051166,-0.00561787860230123
0.13,0.029096202494622837,-0.008898624100742158
0.14,0.03016926070678063,-0.009454651236093677
0.15,0.025246911130548284,-0.011008188052990864
0.16,0.026353396335457153,-0.009062877268907199
0.17,0.031616184872857805,-0.009391589067220539
0.18,0.029541740029941487,-0.00957062792757005
0.19,0.028054564047074893,-0.012778407027868855
0.2,0.028916523552891323,-0.008514304944260143
0.21,0.030481175130258623,-0.010069425060881067
0.22,0.02871918331330727,-0.010116911047919107
0.23,0.029732494430070894,-0.011975356460870388
0.24,0.03133809307067168,-0.013930245212990404
0.25,0.026203965651431068,-0.014272941528962968
0.26,0.031206117435632844,-0.009246301152931761
0.27,0.03535094680674071,-0.007596239677186217
0.28,0.029948316114874533,-0.004361552723206329
0.29,0.02635117056056955,-0.005642417793768233
0.3,0.02490738215576842,-0.005515369140074387
0.31,0.02000674982272442,-0.0056138816021101415
0.32,0.023689926218818554,-0.003995663619595774
0.33,0.01854992317930812,-0.0028137180550345062
0.34,0.01763565825134122,-0.0012081873186917847
0.35000000000000003,0.01880072898181032,0.0017966057105497906
0.36,0.018777859572542483,-0.002640703391315907
0.37,0.018584597292486807,0.0020023957268055933
0.38,0.01523110859821608,0.005782246473403006
0.39,0.012921089362661273,0.005604839308672065
0.4,0.012402713449681491,0.004818082817147856
0.41000000000000003,0.008602395153570336,0.00968629945747667
0.42,0.013455627168497533,0.011390988753497287
0.43,0.0073511009105622725,0.013939013152127847
0.44,0.00795963133659903,0.015925263641789554
0.45,0.005489523547256223,0.01421366991634961
0.46,0.0039030525367015484,0.016787696803983076
0.47000000000000003,0.0008832077704209961,0.0176233183371106
0.48,0.00016506558426507745,0.018985774204361018
0.49,-0.0028200196157366396,0.02264750951712021
0.5,-0.0011434783511932247,0.021954359507306762
0.51,-0.002355415487771104,0.022403209830908214
0.52,-0.002688316242233638,0.026903025758310117
0.53,-0.006575354635484764,0.025682797189592016
0.54,-0.00647034436725154,0.025850161847611772
0.55,-0.00667167599101382,0.02996011827100523
0.56,-0.007931778925671621,0.02990804188912677
0.5700000000000001,-0.007016155173889648,0.028289193197055473
0.58,-0.007982990239713097,0.030844207344995375
0.59,-0.0057535719988018735,0.02566801762137775
0.6,-0.013295727027330935,0.03007013563121672
0.61,-0.014325084640880026,0.0273545000501386
0.62,-0.012654295626849704,0.026691388562541534
0.63,-0.008852706437721557,0.029211682684986796
0.64,-0.0054943413680314124,0.030303551749928187
0.65,-0.011878988996090478,0.030115628271506212
0.66,-0.009147559030176102,0.025990948429111
0.67,-0.011776362993852376,0.027473606130395373
0.68,-0.010037873688138311,0.025475723657210445
0.6900000000000001,-0.008892777365924998,0.03221288370127088
0.7000000000000001,-0.0043421656673045955,0.02752589318335757
0.71,-0.010548681418260496,0.02918309147480903
0.72,-0.006439991022272859,0.024406645310984486
0.73,-0.003970031768169981,0.022728908584589695
0.74,-0.003247838637804356,0.026977552670604164
0.75,-0.0015635989194320195,0.02330693780544011
0.76,-0.0012206618264765812,0.02277893017445247
0.77,0.006194478095772984,0.02200528463414312
0.78,0.0036045287913782616,0.016649081955822934
0.79,0.005084372938813492,0.016690589475357252
0.8,0.0027424664107642827,0.015666436590412808
0.81,0.007324728727545997,0.015599539709969933
0.8200000000000001,0.01036123597829364,0.012024321576499084
0.8300000000000001,0.007156263255894935,0.010916705119495761
0.84,0.00803617560435009,0.010642167236408543
0.85,0.013483760633742032,0.00520872466932467
0.86,0.011760027181843071,0.006611544097982165
0.87,0.01741431757380156,0.005930340988950716
0.88,0.018145648372767685,0.003575674208378307
0.89,0.01764360255884878,-0.00010681996463064226
0.9,0.019686937689164682,0.00045948458686645877
0.91,0.023082197734207856,-0.0021592832144509463
0.92,0.02589209615130096,-0.0036358706993677697
0.93,0.023746505853819284,-0.004262878059160664
0.9400000000000001,0.025330872701585315,0.0002812978147914086
0.9500000000000001,0.028071120637701636,-0.00457212660739081
0.96,0.023249209256095783,-0.005581815976133682
0.97,0.024822509995404526,-0.010363198779220964
0.98,0.029678324173140043,-0.005012776005207609
0.99,0.02649101535514192,-0.009490952523042455
1.0,0.031973206220282054,-0.008387374261651244
1.01,0.03227020373953739,-0.009085165842678641
1.02,0.030029983107122106,-0.008977872159828941
1.03,0.02587893982594236,-0.011283216506387417
1.04,0.03132091817451463,-0.011403000143908512
1.05,0.02972658839167336,-0.009556708014814222
1.06,0.028889004968195697,-0.01172378215697625
1.07,0.02957239753521219,-0.007612144778115773
1.08,0.029072811536911426,-0.005221362237045099
1.09,0.029446445219253613,-0.011338852675562304
1.1,0.03096623978872865,-0.009085509243336964
1.11,0.02332580775262742,-0.007268325476936338
1.12,0.025332938452716783,-0.00661679605425263
1.1300000000000001,0.02446681184492487,-0.004148901870097291
1.1400000000000001,0.02231718138949461,-0.010110189182761551
1.1500000000000001,0.01941132080002376,-0.006815053527972859
1.16,0.02244360297718723,-0.0016550599699600111
1.17,0.021065031451794513,-0.0014329417418139868
1.18,0.019670034240784305,0.00026179115752330526
1.19,0.021445893178306474,0.002211452930716186
1.2,0.018941631020197962,0.001693900734463761
1.21,0.015704285914434724,0.002615168355947544
1.22,0.017510584831046862,0.0059378495713300035
1.23,0.016697178611022816,0.007718335985024873
1.24,0.013386629435337603,0.012405579846596092
1.25,0.009175865540922791,0.007860437162336247
1.26,0.008851659302084642,0.008114351896327596
1.27,0.008248148055489042,0.010322228013523161
1.28,0.005677007905079085,0.012898659893087604
1.29,0.005584344394393285,0.012891579765289067
1.3,0.0027571858722084427,0.016132650020321004
1.31,-0.0008347633001046331,0.01724581308521529
1.32,-0.0016670299836125972,0.017790081360836107
1.33,-0.005822092307803407,0.019290372746356168
1.34,0.0003176834954315526,0.024270183340109316
1.35,-0.0034819623516624677,0.022182980339031905
1.36,-0.00408780266541303,0.023354278402402288
1.37,-0.005329695305627816,0.027832312681061948
1.3800000000000001,-0.0075336089726613905,0.025530860997008787
1.3900000000000001,-0.009834732633179754,0.02684739757928489
1.4000000000000001,-0.009707608342786916,0.028625126710890774
1.41,-0.008227904279438805,0.028660355261342505
1.42,-0.0077666755948156835,0.029147217979552754
1.43,-0.006169071492810525,0.029397554845266186
1.44,-0.008005611501680016,0.031141199444782223
1.45,-0.01021440760284042,0.02725966156118844
1.46,-0.009981725434807567,0.032125706854966275
1.47,-0.010876654710627083,0.030814484083233208
1.48,-0.009399533097430303,0.02509671049148159
1.49,-0.008592558238415215,0.02730894550867774
1.5,-0.010174667789444805,0.028805879995042985
1.51,-0.007367746145873832,0.031022549307455072
1.52,-0.006694647113734249,0.029381497485394505
1.53,-0.005245774963649915,0.027671248356696217
1.54,-0.0057018121743673145,0.026147139314577388
1.55,-0.005668954362706951,0.025402847664426517
1.56,-0.006623702744050349,0.025047509580607266
1.57,-0.001458179371932207,0.020960257881719666
1.58,-0.000517756034753494,0.01907380505971984
1.59,0.0006492113906236819,0.022586629634671253
1.6,-0.0026184313325110665,0.01778985845335542
1.61,0.002877350194088502,0.020626284158577493
1.62,0.004430828438857095,0.01905003836574408
1.6300000000000001,0.004019471066252136,0.01537152571306068
1.6400000000000001,0.008113703840685499,0.013753760891517468
1.6500000000000001,0.007792112266628899,0.012399707655094922
1.6600000000000001,0.01013033766533899,0.011476553228241471
1.67,0.01164094725803026,0.006886440608026185
1.68,0.013776027624937412,0.006564023559732276
1.69,0.0111876515058591,0.004543153273662602
1.7,0.015080842819911082,0.007632520985160349
1.71,0.01735615086232142,0.0025761950573919036
1.72,0.019481341581147053,-0.0005644096178693157
1.73,0.016786950523356527,-7.462391857238635e-05
1.74,0.021085207223500955,-0.0017939590409507843
1.75,0.022799428889942016,0.00030223695962118763
1.76,0.025875994167714474,0.000854534653894787
1.77,0.02618446645478425,-0.0021639639210147815
1.78,0.02430737198845754,-0.005887946610500577
1.79,0.023509480789306918,-0.004624199916717565
1.8,0.028802102464818517,-0.005136461650107072
1.81,0.02949840956212447,-0.005461570920037377
1.82,0.0287695558472813,-0.006648372634738137
1.83,0.02778860692797476,-0.008483377580543575
1.84,0.02735899928522001,-0.007866707196568602
1.85,0.03092818365577195,-0.010769592619267973
1.86,0.028078561171673164,-0.010939887134677228
1.87,0.027801577605758576,-0.010045362233051166
1.8800000000000001,0.03360252036826773,-0.010450841694734484
1.8900000000000001,0.02919405938994053,-0.008672652487287713
1.9000000000000001,0.02951495547976338,-0.010773179634516782
1.9100000000000001,0.028442627641326258,-0.010808932564621641
1.92,0.029306662244961916,-0.007680272518505449
1.93,0.02689587801539752,-0.009815515386769731
1.94,0.02755828244782525,-0.006122381265548113
1.95,0.02787904042296165,-0.005403214664592004
1.96,0.026553739228706186,-0.004407821269436175
1.97,0.025028528674525742,-0.006817469066260547
1.98,0.025151280338945096,-0.007898499195214013
1.99,0.022355607246398252,-0.0017439335139762821
2.0,0.022482876483009964,-0.0046550618263079355
2.0100000000000002,0.019445259655456563,-0.004492624628399774
2.02,0.01930083899555762,-0.0019436830573614852
2.0300000000000002,0.01822704589579162,0.0033223991947371155
2.04,0.01868654796826934,0.001984982180295531
2.05,0.01764346210878488,0.004959312187849454
2.06,0.012932996693064127,0.004697071854264689
2.07,0.012412583452507295,0.007605859103239049
2.08,0.008301176876200847,0.009292397355311541
2.09,0.00733876946585498,0.007230652026559424
2.1,0.009175524409070367,0.011172259888754005
2.11,0.005248347455816192,0.014779719449552241
2.12,0.0035706761425860567,0.018192676402324783
2.13,0.001356452340088419,0.016091659112712948
2.14,1.3729778964372691e-05,0.019153324498589898
2.15,0.002464020985192405,0.020477563569362593
2.16,-0.0003287122149355357,0.021156236638606343
2.17,-0.0007382348319291681,0.023818917827767808
2.18,-0.0015303780424102472,0.02168819869356883
2.19,-0.0030551521849202313,0.02856055973071047
2.2,-0.005191308596204893,0.024988514439731737
2.21,-0.0030073297721836915,0.02636820582837192
2.22,-0.00656474739967084,0.028506266340804616
2.23,-0.008287241506036092,0.028749976892898273
2.24,-0.006855107157914224,0.02937615088645391
2.25,-0.0074663228304138055,0.02591113830052032
2.2600000000000002,-0.008310537170321942,0.03118798856227891
2.27,-0.009896588999871805,0.033324717781035906
2.2800000000000002,-0.00919690158321581,0.02757778133838273
2.29,-0.010154933182685323,0.029293313547380195
2.3000000000000003,-0.009483143963651047,0.03061615027213147
2.31,-0.011995246373167165,0.02869951138833998
2.32,-0.006399519541359023,0.028087200772468107
2.33,-0.007343524688927366,0.02877970753677348
2.34,-0.011059952620123456,0.027555971185424688
2.35,-0.011110979357418494,0.029618083568166736
2.36,-0.009016852915940886,0.023057361110387926
2.37,-0.004014106484512432,0.025031828105976907
2.38,-0.00306141667846838,0.025990407341979722
2.39,-0.0028125022766939843,0.023019171313413064
2.4,-0.0023872185152042625,0.021323250103579095
2.41,-0.006517326250380993,0.02437521377377202
2.42,-0.00271833928751349,0.0215220462941633
2.43,-0.0002823733366875645,0.022529690959048467
2.44,0.0033842268770333667,0.01851458125641242
2.45,-0.00062509007529013,0.020195884240733725
2.46,0.0006989643745889357,0.01800962257056782
2.47,0.007059410649385445,0.013469471959973781
2.48,0.00465650733848149,0.013839582467859145
2.49,0.004849166753229733,0.013237621677846246
2.5,0.008735127125848634,0.00864971262478601
2.5100000000000002,0.01162040313445764,0.0061846153205339215
2.52,0.012897355941440784,0.006400327996904115
2.5300000000000002,0.016531857841444893,0.007369712091549308
2.54,0.01652123983827116,0.003217780151186717
2.5500000000000003,0.015651672694642862,0.0025848205650165234
2.56,0.019159290672507757,0.0002312008568779607
2.57,0.021006338122305773,-0.0030461433913501236
2.58,0.021018544368686082,0.0021562143630171446
2.59,0.023958658048966942,-0.0039277388693124
2.6,0.02035794071720203,-0.0037472483940576436
2.61,0.0250120807479647,-0.006462542171053189
2.62,0.024328109379355013,-0.0061595506966379875
2.63,0.03225980032918933,-0.006196068072291083
2.64,0.027533845883591826,-0.0074284096235689755
2.65,0.028752904871916948,-0.008794962825754685
2.66,0.03012512482900225,-0.012425226449542696
2.67,0.02951625385321051,-0.0076582895653520685
2.68,0.02968281116740379,-0.010169338725194247
2.69,0.02878518140594256,-0.011359063579778244
2.7,0.028116762656877247,-0.012991562108218824
2.71,0.029763586595655745,-0.008677795629524615
2.72,0.031619788658202856,-0.010588668287719965
2.73,0.029944732101182623,-0.008949920183314666
2.74,0.029282730330172122,-0.007625381097524952
2.75,0.031046670649657493,-0.011182250807589457
2.7600000000000002,0.028093636229360425,-0.010517942123448448
2.77,0.030986991946785024,-0.00996132231730914
2.7800000000000002,0.0266246044380839,-0.009822939281885441
2.79,0.024663417241327614,-0.00811420676504085
2.8000000000000003,0.027202532052158886,-0.00614911141632017
2.81,0.026596771197248556,-0.007624583025446671
2.82,0.022085340231365765,-0.0002791303579097004
2.83,0.01762039303600255,-0.000452396444856592
2.84,0.02103225478367955,0.000880037271790284
2.85,0.0184104390579451,-0.0006157677944824604
2.86,0.0176464785292662,0.0033278019787783587
2.87,0.018113763721990646,0.004872970957219909
2.88,0.017609285445625154,0.0036054584200509244
2.89,0.01167525699483996,0.004296096079051422
2.9,0.014136452850696845,0.005362950015315648
2.91,0.007304986282005592,0.006778430953506807
2.92,0.008566805960703002,0.007219227550291616
2.93,0.007922110924273262,0.013317912343383337
2.94,0.005414800623226871,0.015950115367560986
2.95,0.005004874891724856,0.014111661909002732
2.96,0.0041305601319186975,0.013351149975303636
2.97,2.5373009497428427e-05,0.01667523204600004
2.98,0.00300136105947429,0.019459647361028547
2.99,0.0010847583338542072,0.017790883247447938
3.0,-0.0004288848291588423,0.02329652234690516
3.0100000000000002,-0.0057866927671721595,0.02264396268242177
3.02,-0.004576301180163403,0.024698192294459142
3.0300000000000002,-0.0004932224418265187,0.02712823755812575
3.04,-0.0025485250390296266,0.023820648460309013
3.0500000000000003,-0.006655919115525956,0.02366326652236541
3.06,-0.005619898698305672,0.026874123421970663
3.0700000000000003,-0.008745421806814025,0.02905785670546039
3.08,-0.009788368431670287,0.02747281505378089
3.09,-0.009983421955163354,0.0323179288458382
3.1,-0.009521048967818073,0.029772912236272812
3.11,-0.010053814637692648,0.036404122317600957
3.12,-0.00976225546761375,0.02894022649965285
3.13,-0.012277459757919556,0.030191213789677915
3.14,-0.009809249352440232,0.02855195411573846
3.15,-0.012355028529139772,0.03173626758658806
3.16,-0.009869440322753362,0.02533070294693244
3.17,-0.01061431372874804,0.031962937998137084
3.18,-0.009430791851747122,0.03156069282090301
3.19,-0.010740142864008503,0.026826417871294733
3.2,-0.007898341063206618,0.024811404235460324
3.21,-0.006621897072363098,0.02395076526982757
3.22,-0.00814175431111008,0.023002946699430774
3.23,-0.008907961903642073,0.02333065628750306
3.24,-0.00562607568798806,0.024739467586093446
3.25,-0.0011067738431390036,0.02107053744937948
3.2600000000000002,-0.003467389034130973,0.024215951295134257
3.27,0.002026572843544322,0.020521620269939013
3.2800000000000002,0.00044916168904356657,0.017103629919815497
3.29,0.0045936883924284485,0.017713042057177948
3.3000000000000003,0.005863459559695126,0.013016180421967614
3.31,0.004294054669410971,0.01153965208279014
3.3200000000000003,0.010910225746131541,0.010973493659170932
3.33,0.01079766522887204,0.012169973053908493
3.34,0.00804293228483177,0.007857503049082339
3.35,0.010533084656995468,0.005791862920933974
3.36,0.011650280663740898,0.006790531593019021
3.37,0.0163488128629451,0.005961473445333296
3.38,0.01672756858368958,0.0020058251391767545
3.39,0.019537789297152417,0.0030539352504716077
3.4,0.014465033481335772,0.0009706898332571151
3.41,0.02151559936275526,-0.002506755338853364
3.42,0.01966376831294697,-0.004320767936891452
3.43,0.021819952742754212,-0.004155011550369608
3.44,0.022847748760414986,-0.005067740163214611
3.45,0.02515206558544785,-0.0046797812958544885
3.46,0.02721229449504906,-0.011369696611108437
3.47,0.02568491256311058,-0.006839430061742164
3.48,0.028373930719046817,-0.005309542861403799
3.49,0.031878913911486506,-0.014064226355053003
3.5,0.03013596588589482,-0.00937529339878045
3.5100000000000002,0.02935033298700799,-0.008476402797268589
3.52,0.030873586341541352,-0.013568281471965446
3.5300000000000002,0.029563652106653293,-0.008051917434981725
3.54,0.03307263582418519,-0.007002914303493226
3.5500000000000003,0.030106788794541435,-0.012282796353651157
3.56,0.03007319046798645,-0.009224435524059707
3.5700000000000003,0.02999660926251208,-0.01249868431786985
3.58,0.02803515338155856,-0.01155604363495618
3.59,0.023381551085981805,-0.010653794081715422
3.6,0.030329240894652415,-0.005575389173644743
3.61,0.02844660310792733,-0.004752639126497114
3.62,0.0237319685172599,-0.008965811555363431
3.63,0.026413188050955116,-0.007310404108904369
3.64,0.02532675352215184,-0.007724125219240044
3.65,0.021798078190095,-0.0031841658870635997
3.66,0.021440998640660125,-0.0022389918575717615
3.67,0.022531111961445867,-0.002473017222851221
3.68,0.01954321143489411,0.0026982730149447643
3.69,0.015604050992158645,0.0032894699845120294
3.7,0.013430990458765278,0.002592519678833276
3.71,0.014842707962862831,0.006335109115787921
3.72,0.014552595597884818,0.002706281542045601
3.73,0.013907314717445211,0.008829881750196944
3.74,0.012127479764100495,0.009250509033088014
3.75,0.01270084555947338,0.008572731842994424
3.7600000000000002,0.009961208734515729,0.007437470499803416
3.77,0.009754260359610165,0.012734684202758986
3.7800000000000002,0.006757474285219457,0.012598356630697399
3.79,0.0029848812987391267,0.017032656869962005
3.8000000000000003,-0.0003130270990484591,0.015302786106900682
3.81,0.00010200319259405337,0.019813570525874662
3.8200000000000003,0.003156632304926292,0.01455763599062608
3.83,-0.004436027710865544,0.021674658621877334
3.84,-0.002433118211488562,0.021465331423886045
3.85,-0.0049901802606694265,0.0269119885360609
3.86,-0.0033280354029223704,0.024941644965481305
3.87,-0.010933571402475624,0.02035043533607475
3.88,-0.007492035204322577,0.026332370719960384
3.89,-0.009860634805580684,0.028893612033850373
3.9,-0.010751622635154535,0.025535344984364806
3.91,-0.005538933553474703,0.02883276472329268
3.92,-0.0075106453654649585,0.02919242727024695
3.93,-0.008631551504014793,0.026090061100778557
3.94,-0.007760642647031097,0.028395717609364112
3.95,-0.010222262313169118,0.028609907185455957
3.96,-0.008618336089598248,0.0272199845963156
3.97,-0.0119852629405992,0.028149408981607137
3.98,-0.00875995019853578,0.02661278808832114
3.99,-0.007281702902928015,0.03154509520659403
4.0,-0.006001340535967884,0.030752690657515402
4.01,-0.008797517357695564,0.029848884812468137
4.0200000000000005,-0.008267542510856164,0.028810971461690354
4.03,-0.005004642783143392,0.024737116746143303
4.04,-0.007942961545257251,0.023882698857406674
4.05,-0.006835610787972636,0.027554789948802696
4.0600000000000005,-0.006515367831364631,0.024630709927104096
4.07,-0.0009871162745294683,0.0196623481652069
4.08,-0.00309490273897022,0.02105898723771805
4.09,-0.00021406436574585778,0.021129993935541023
4.1,0.0024104041045793305,0.01957441304865183
4.11,0.003342896085483091,0.017792766332010844
4.12,0.006342825604871317,0.016123215659199983
4.13,0.007228654115560249,0.01506231291635488
4.14,0.007933438766471766,0.013341066874620371
4.15,0.007459789514579177,0.010561408736992734
4.16,0.007744339623967545,0.010296618824381733
4.17,0.013998585842134915,0.005337779515846351
4.18,0.01312863183891326,0.008924829518362898
4.19,0.017194022986297807,0.008436326187310715
4.2,0.012261101623691428,0.0024549235361723486
4.21,0.016236688589260445,0.0019142007841412133
4.22,0.01812995952141176,0.004523718682861432
4.23,0.019499555013542003,0.0007552389732354565
4.24,0.020947137870743253,-0.003529308253982826
4.25,0.023578172632252505,-0.00204132042770854
4.26,0.02554897862183876,0.0013092524761520999
4.2700000000000005,0.021302097457676434,-0.0025629313893262146
4.28,0.026346790500593242,-0.007033074764901436
4.29,0.02495446979682942,-0.007917177703445664
4.3,0.029939384874041606,-0.005658121130187455
4.3100000000000005,0.02828337169797086,-0.00799742977571488
4.32,0.030233072068265764,-0.009849610640922477
4.33,0.029779305909942957,-0.007811867299216986
4.34,0.033793188842710944,-0.011108335661658263
4.3500000000000005,0.030372424893519556,-0.006414160286737073
4.36,0.029538507373872154,-0.008188925326111537
4.37,0.0282581356917555,-0.010051284713146005
4.38,0.029564825604160825,-0.007257115442818636
4.39,0.03017892337204571,-0.009790873468485856
4.4,0.02949475371629151,-0.008784776004139128
4.41,0.027963676067603783,-0.005916665766038602
4.42,0.030402428233842947,-0.007970116141450762
4.43,0.02478238889630151,-0.006638130212606921
4.44,0.029236847731153842,-0.007919655098067366
4.45,0.02469046602573971,-0.007185341587039824
4.46,0.024554868744089416,-0.005982266119844096
4.47,0.026961250121517618,-0.005675557472976677
4.48,0.023594857154521042,-0.0032498180502167706
4.49,0.02474192164988606,-0.002701579498505839
4.5,0.02655418491735762,-0.0023308243031281697
4.51,0.023955262985770782,-0.0011561091694784564
4.5200000000000005,0.020609354124606474,0.0013846199556497368
4.53,0.015544752869858323,-0.0009394763535998368
4.54,0.018641859876074876,0.004200209775764476
4.55,0.013090689283053954,0.0059103236998816824
4.5600000000000005,0.010962405134778919,0.007197411661802721
4.57,0.011862370914875698,0.008628178674648776
4.58,0.010196945525734661,0.012711551037069276
4.59,0.009298117854428535,0.011136716676387706
4.6000000000000005,0.0017777736038844354,0.01034298821642664
4.61,0.004506912704697887,0.010075499052631238
4.62,0.0063112512383089875,0.01117428232051133
4.63,0.0037227579273379032,0.017079807257556832
4.64,0.003313605611406984,0.021653784825823974
4.65,0.0032227738467856763,0.02057671422450087
4.66,-0.0034006880530069758,0.024305856136273094
4.67,-0.001913636072941884,0.024719895750142915
4.68,-0.005276849740287715,0.02568001462587736
4.69,-0.0055436549046361085,0.024202061639485444
4.7,-0.005219750819559385,0.023180003522231523
4.71,-0.008325815233763087,0.02555903407596383
4.72,-0.008144399857299704,0.02915123256989413
4.73,-0.007441479588998505,0.028494694302479712
4.74,-0.005331938658571522,0.03082669864029192
4.75,-0.008789080158978982,0.02913253366037333
4.76,-0.009122527054523008,0.02792470714695818
4.7700000000000005,-0.010090671448419814,0.02779778932366864
4.78,-0.009230118129921621,0.028216698591436672
4.79,-0.008918347060009617,0.02869525829960626
4.8,-0.005594496161701294,0.028528095383623067
4.8100000000000005,-0.011124948554279047,0.029615594019473095
4.82,-0.012179650083825058,0.03695132228146779
4.83,-0.007898997060561345,0.030709024186095838
4.84,-0.008624426646944058,0.02708038510723827
4.8500000000000005,-0.004208483069505459,0.02997301485543128
4.86,-0.0076539542588873926,0.025748148345227206
4.87,-0.008545894901702392,0.02562863946638393
4.88,-0.006395116106579597,0.024704333739424184
4.89,-0.005405503358144773,0.022861546160391547
4.9,-0.0026673406304255623,0.029148535719192358
4.91,-0.0034918914645206836,0.024330891156521622
4.92,-0.0007314640314222072,0.019775000604913582
4.93,0.0018592360484834252,0.02105969406967153
4.94,0.0017103453784299226,0.01780689665910319
4.95,0.0014253299053666986,0.01651995770907937
4.96,0.0017527244948402892,0.01627787501044219
4.97,0.004572471995628944,0.016431345433131878
4.98,0.0059032514789801585,0.014651737361781669
4.99,0.008463368070848647,0.011521908324877579
5.0,0.009193085582314409,0.009613903033698745
5.01,0.009826931547628618,0.008735865485324895
5.0200000000000005,0.014616668245148194,0.00654662643608137
5.03,0.013309082917162414,0.0063780651887535185
5.04,0.015576154790173873,0.005212188382872801
5.05,0.01689080373166601,0.0030991029459022145
5.0600000000000005,0.020293746465209702,-0.0005000205252663739
5.07,0.022179409179029705,-0.0013989563796825374
5.08,0.019478568185846902,-0.00021476368587271732
5.09,0.019843820853415156,-0.0026688232846559692
5.1000000000000005,0.022621287704128867,-0.0025942474838242333
5.11,0.02593094046675755,-0.004335815661199531
5.12,0.023847795775455635,-0.006895493270674593
5.13,0.025896516676235173,-0.003087992773344032
5.14,0.029098970174415435,-0.0071912849469246
5.15,0.029826106646724287,-0.007448037240095943
5.16,0.029624284859005673,-0.009948803304059768
5.17,0.03043455655207611,-0.00981418375898344
5.18,0.02844774491314154,-0.011523313495398431
5.19,0.03116013150777866,-0.010877849629088093
5.2,0.029713882281627864,-0.011544797431562826
5.21,0.032268677891478414,-0.009371395570746037
5.22,0.029116192482879465,-0.007971403228757203
5.23,0.03000737004915622,-0.008852719518971146
5.24,0.027160640052810752,-0.0077044879771452635
5.25,0.030448871328573983,-0.009609256813056001
5.26,0.030167568579615844,-0.009063153704768805
5.2700000000000005,0.030007845000298235,-0.005845023955963055
5.28,0.027875222853347124,-0.007934550406022527
5.29,0.02962258017760143,-0.0017424594252723183
5.3,0.025967037798237055,-0.007915188144071609
5.3100000000000005,0.024990317268115132,-0.0021807886256083727
5.32,0.02484622796602174,-0.003935806798576549
5.33,0.02166403415840115,-0.0037024032815843213
5.34,0.01999745913797638,-0.0020014836341439033
5.3500000000000005,0.02137710476110066,0.002953411985595099
5.36,0.021182838469394345,0.0042736983267768714
5.37,0.01881033477992288,0.0025949970334422636
5.38,0.012705024393125791,0.005457288940934293
5.39,0.01401724345158868,0.005795575199652711
5.4,0.007225531722795175,0.008333309804167419
5.41,0.010372820902686255,0.011716171569484787
5.42,0.012147779257629818,0.011498589774087492
5.43,0.007297903647383691,0.0110551272548229
5.44,0.005435925362358249,0.01371221246195573
5.45,0.004608354144838603,0.013808909060791597
5.46,0.0026509908088582284,0.016216230843999244
5.47,0.00506602279083348,0.020234750372395027
5.48,0.003221473969996169,0.017165289482530578
5.49,-0.0006828232184274521,0.022535935138078583
5.5,-0.005389095715885202,0.022994854312123978
5.51,-0.003326503707345825,0.02292098037169676
5.5200000000000005,-0.006430991555256912,0.024632874348945583
5.53,-0.0030755788729119934,0.02662829354571999
5.54,-0.007703294839733641,0.023721079297932234
5.55,-0.00713846278508197,0.026597373781978097
5.5600000000000005,-0.008657809285907554,0.026274607876472608
5.57,-0.007639746899824075,0.027141717495304175
5.58,-0.012017617346785466,0.027309411949339748
5.59,-0.012716312894701088,0.027102007801683176
5.6000000000000005,-0.006634449587359589,0.028716115814372587
5.61,-0.010844243032927378,0.028339964079580084
5.62,-0.007057208803215254,0.03190086400234789
5.63,-0.009391568488687326,0.030581366081878936
5.64,-0.009340793727623762,0.02675333725806603
5.65,-0.008777980534083546,0.028287172462378645
5.66,-0.008419928892140285,0.028139625890125627
5.67,-0.005589896425354732,0.02861591248641268
5.68,-0.008077943739895826,0.027387305327955757
5.69,-0.008108456178946477,0.028665014104225242
5.7,-0.008962985152209842,0.02681044471374545
5.71,-0.006285115409413965,0.02866240487050982
5.72,-0.005040461664543143,0.02349491238517847
5.73,-0.0037625103910602,0.02734578022560688
5.74,-0.001534399688626807,0.02123477464681269
5.75,-0.0027564680214797375,0.02102262806740639
5.76,0.0015499874863635563,0.020021838795850594
5.7700000000000005,0.0038873091848359276,0.01532022549609181
5.78,0.0015221338761525504,0.017843216988959708
5.79,0.006215785293204067,0.01443740491602856
5.8,-0.00011122214486488074,0.012169718320324712
5.8100000000000005,0.004013146049706238,0.013779584416810632
5.82,0.009733055763577308,0.013057350235764459
5.83,0.008660900921257103,0.01097491908562396
5.84,0.01496156965271185,0.006885600338372759
5.8500000000000005,0.012034016810935981,0.01134962945588289
5.86,0.012771121277370987,0.007439951728599974
5.87,0.015299988411987542,0.0052510370066394686
5.88,0.014286777612964248,0.0025372169906580457
5.89,0.016254507136497696,0.005576715979080771
5.9,0.02187881333332179,-5.730307096571283e-05
5.91,0.01738218484783974,-0.0022760257450195214
5.92,0.02020618745234579,-0.005781288673408366
5.93,0.0213681724782491,-0.005268926125194753
5.94,0.025765961847439713,-0.0043089280812096025
5.95,0.027748433759208685,-0.0045404278031725516
5.96,0.026639137792181033,-0.007587101505246028
5.97,0.027195415023574632,-0.010439199997048147
5.98,0.02832179591875566,-0.011477972110611988
5.99,0.03204941009408384,-0.005810732791272788
6.0,0.030165041298351146,-0.00945455678255969
6.01,0.028959496514997605,-0.012142579684961198
6.0200000000000005,0.026572239181552135,-0.010876555124771583
6.03,0.028224802616419194,-0.01018246852894821
6.04,0.028930419155728665,-0.011582712178326841
6.05,0.03102357136404179,-0.009904443183735331
6.0600000000000005,0.03223502013078587,-0.007846807460736117
6.07,0.029514794208282152,-0.011179501332906282
6.08,0.02685099496841619,-0.008768410621804376
6.09,0.02943258069618056,-0.010164378464509101
6.1000000000000005,0.026176678058274862,-0.010085010323211095
6.11,0.028841219326730165,-0.004706188360942325
6.12,0.026331288918173712,-0.005226472489264736
6.13,0.02673157065041945,-0.004058956100672813
6.140000000000001,0.025985832760659775,-0.0035457982730567237
6.15,0.022522897239335645,-0.002482548389322077
6.16,0.0204071969079591,-0.005024540457466595
6.17,0.021452085645835367,4.1403386084951305e-05
6.18,0.01827205157891056,-0.0008474070299709701
6.19,0.020179427814438416,0.00038386706298370286
6.2,0.015888549920205792,0.0023417643626053217
6.21,0.01828254484325635,0.007563663774554634
6.22,0.014458604699724006,0.0064261910572669684
6.23,0.010437882981296723,0.007062461808506092
6.24,0.014850022183446023,0.007692259202200424
6.25,0.010990812022914924,0.012491749678240455
6.26,0.007852583999343557,0.009932792766218545
6.2700000000000005,0.00483118523798907,0.014901358125526232
6.28,0.003274547172950325,0.013849195615441177
6.29,-0.0005906969312967679,0.01848653179668785
6.3,0.0015489078396949082,0.014564154952468007
6.3100000000000005,0.00043810902528473557,0.01889241044115366
6.32,-0.0029935925115470025,0.019700204603635252
6.33,0.0004158662690724299,0.02258383346014093
6.34,-0.0019037229371475996,0.022273461451984257
6.3500000000000005,0.0003619434266062876,0.022248379421096948
6.36,-0.003335567847495953,0.02349103731577958
6.37,-0.005526214486405372,0.023316018727348294
6.38,-0.004750141559605524,0.029463696491892996
6.390000000000001,-0.006049014385479133,0.02933478699143787
6.4,-0.006185591777738192,0.025896300918744362
6.41,-0.009660853506203439,0.029507165082398805
6.42,-0.0071821001169695125,0.029636838671429997
6.43,-0.008599002568560573,0.026395588093828234
6.44,-0.010783643574721653,0.03389287619923955
6.45,-0.009352537589681945,0.026727358396547576
6.46,-0.00720166328491303,0.027676959392314016
6.47,-0.012446505459958901,0.02828654570818131
6.48,-0.010714961450178572,0.03151831511372147
6.49,-0.010961160099934895,0.028729366836659272
6.5,-0.011692858373402327,0.02687910521071358
6.51,-0.013635284357177396,0.02761757660721395
6.5200000000000005,-0.006013662583303195,0.027453206492250665
6.53,-0.007276800242154367,0.030070527169692822
6.54,-0.011931181823562367,0.024684783243577275
6.55,-0.00802089042179532,0.022013390354839946
6.5600000000000005,-0.005107837789469094,0.02549455280131647
6.57,-0.0025232940830679303,0.022651893493750876
6.58,0.001454567848639933,0.02392314463772619
6.59,0.0009766406828983164,0.018599879659274916
6.6000000000000005,0.0005967942371030862,0.02208493012831913
6.61,0.006161423376681116,0.01611148402116535
6.62,0.0018177124984268638,0.02039141122002783
6.63,0.0037537245157557696,0.013622138742520122
6.640000000000001,0.007340453072140912,0.014657300182078548
6.65,0.003829080851796982,0.01388586077617043
6.66,0.0142421846707515,0.009178682129033762
6.67,0.011925053095674735,0.008829838855147334
6.68,0.012203488841555374,0.004272825425330763
6.69,0.01752113959643644,0.005547028403013644
6.7,0.012715168611802578,0.0044716945897137796
6.71,0.01673403505671492,0.004806400412752643
6.72,0.016081381653834586,0.002807358674261464
6.73,0.019354675495624616,0.00013973102859847605
6.74,0.023842515446505123,-0.004010209500617394
6.75,0.02018593566469628,-0.0016748586968170088
6.76,0.020793041642730596,-0.0068460601416375135
6.7700000000000005,0.02408979841354727,-0.003450242656133499
6.78,0.027524132954942104,-0.005673398952840559
6.79,0.025930171463249777,-0.00732345128704604
6.8,0.026834462207413014,-0.005804258135501946
6.8100000000000005,0.028155896610644392,-0.009018138456043483
6.82,0.027680737991700417,-0.009256407615984492
6.83,0.028179821010756168,-0.009570591266363905
6.84,0.027925471474156027,-0.006234855846932996
6.8500000000000005,0.03411800589280553,-0.011483693002575523
6.86,0.032781907513124445,-0.012993023191099344
6.87,0.03070841579111407,-0.008328766838776671
6.88,0.027216202366857137,-0.01201741164220325
6.890000000000001,0.0308537920130324,-0.011099147701936717
6.9,0.034429896241424646,-0.009525717179229266
6.91,0.03138000747921509,-0.008707158157455888
6.92,0.030247532923990718,-0.010621714270626912
6.93,0.023103540989042708,-0.008279197294507204
6.94,0.03137572134113336,-0.004638656319210121
6.95,0.029979055822026375,-0.005338154125315811
6.96,0.02861376711760486,-0.003920322046514722
6.97,0.02373687652191238,-0.01018456742849353
6.98,0.024446709125163384,-0.006576815081226709
6.99,0.021182607285573477,-0.003243861802779667
7.0,0.02128550346837852,-0.003966620915899442
7.01,0.02070826954694944,0.0027255588593943563
7.0200000000000005,0.018404703428902207,0.0027545701566061382
7.03,0.020711627301724767,0.003409216718015732
7.04,0.016067536310545402,0.005919444097468215
7.05,0.015919902580451967,0.005743065039850336
7.0600000000000005,0.013064702713034301,0.008698890786326196
7.07,0.01083773059532915,0.007198636702254175
7.08,0.006855977996017708,0.011862001964052859
7.09,0.009695643744413346,0.011352767846011837
7.1000000000000005,0.005169406180500334,0.014969460075603134
7.11,0.003524686239510131,0.013993528619429133
7.12,0.004985711202402928,0.01397335215702856
7.13,0.004641501225348777,0.016941998950041295
7.140000000000001,0.007775660795305894,0.02013964159002476
7.15,-0.002140424684169868,0.021321745314397195
7.16,-0.001563851062821931,0.017071064241706638
7.17,-0.0008809177095723947,0.02138773826699432
7.18,-0.0054095086689290965,0.022326301997092454
7.19,-0.0048885347332692074,0.02019565720768637
7.2,-0.006913498555410071,0.02617151330517953
7.21,-0.003963012691785322,0.02539215439032577
7.22,-0.0033138313340162076,0.023012021475858013
7.23,-0.006622607593296798,0.029875425223596295
7.24,-0.006956646868042209,0.02924535218221402
7.25,-0.008619519307283042,0.028261317225637485
7.26,-0.010482608590159141,0.02962206501134258
7.2700000000000005,-0.008376248027802829,0.03197791521612689
7.28,-0.011195401847185154,0.028136716781173337
7.29,-0.0077364432929133845,0.025929840444036102
7.3,-0.007842297016231013,0.0313800679670427
7.3100000000000005,-0.010466412715971598,0.031132662054377144
7.32,-0.005817612410354464,0.032444319398307594
7.33,-0.008774992353983595,0.029251226489260367
7.34,-0.009156826657983941,0.0268151784010279
7.3500000000000005,-0.010477995499706634,0.02984605775205785
7.36,-0.0107087959198053,0.029382939830677638
7.37,-0.0053919023747089935,0.026150340861239508
7.38,-0.006733608465252514,0.02180785748776401
7.390000000000001,-0.0044115893026440275,0.02817427577320049
7.4,-0.001580394491932034,0.022984812334147377
7.41,-0.0035938508094837504,0.022052057779842416
7.42,0.0009585911478610333,0.022293623952648587
7.43,-0.001858478857073689,0.019265424147630234
7.44,0.0009837929609037908,0.021889946426551773
7.45,0.005350477278742074,0.020456699457448848
7.46,0.002571506827259255,0.013857536617952202
7.47,0.00745150420648052,0.012353117711523046
7.48,0.0033418089505191395,0.011112981004567547
7.49,0.008354616273010936,0.012148171394866725
7.5,0.012295876866610215,0.009428836669885752
7.51,0.00934376002231976,0.010227811500364576
7.5200000000000005,0.01794237867961345,0.0035293288388418952
7.53,0.015320648689002445,0.00948255202987414
7.54,0.018196120352796122,0.0017262870816220433
7.55,0.013565635584328904,0.003110435434589512
7.5600000000000005,0.019122390062391675,0.002288080423046895
7.57,0.018290784768051495,-0.00028329268134778373
7.58,0.021119062507893655,-0.0005877996031239965
7.59,0.022367574212926667,-0.0024248301588804064
7.6000000000000005,0.023085348879657425,-0.0032568610984865685
7.61,0.022427995450303342,-0.004420637501821311
7.62,0.02722710735002946,-0.005379078830285046
7.63,0.024544770817473673,-0.0058747437764550044
7.640000000000001,0.02708679460340709,-0.0038571272263916313
7.65,0.023802949447801296,-0.00798649301719972
7.66,0.03119286723641127,-0.008134187108651953
7.67,0.028891678279217996,-0.009606571791471754
7.68,0.030240416942614895,-0.006790870720246121
7.69,0.02988005065571737,-0.013099806389616884
7.7,0.03118134086488681,-0.009647797622043888
7.71,0.026063764128396057,-0.0059716956206371736
7.72,0.028248064423177267,-0.009172315568692045
7.73,0.030683763604882692,-0.010422900751727368
7.74,0.03066292413840011,-0.009481565242022637
7.75,0.029374009254835878,-0.0070728065593932705
7.76,0.03297157743051716,-0.006605321153547508
7.7700000000000005,0.02775306357917381,-0.008166830240446364
7.78,0.02438538743512363,-0.010364892134943484
7.79,0.028107716373937275,-0.005705160128624912
7.8,0.028705338257822052,-0.005065869791526942
7.8100000000000005,0.026555026037526203,-0.004898003808306777
7.82,0.02022430566936273,-0.0037207130208424906
7.83,0.022347718217439274,-0.003378145109709674
7.84,0.019165205925862693,0.0006460691192360342
7.8500000000000005,0.02107356636785316,0.0022556843711148463
7.86,0.021596497410727254,0.0021141313119845324
7.87,0.0171899991975474,0.0005604224423437459
7.88,0.018017496056289106,0.008840241632297328
7.890000000000001,0.015773618212183278,0.008548169490065363
7.9,0.011848194096732824,0.00925801665223516
7.91,0.011777707410486468,0.011624674830712518
7.92,0.008261818280548516,0.010903261972532146
7.930000000000001,0.005977709354532422,0.011062406506354358
7.94,0.0047167297983090346,0.012119237018877078
7.95,0.004759617437495311,0.014625393173122883
7.96,0.002089310378583938,0.018502952171977692
7.97,0.002527151410778424,0.017745886587824652
7.98,0.0015255341834168783,0.018426159287785335
7.99,-0.003885813603021702,0.020668035272431225
8.0,-0.0017025068984814506,0.01977501623857366
8.01,-0.002532359076479774,0.02322588390834951
8.02,-0.002533371275580229,0.023473258535776448
8.03,-0.005115804414223407,0.026423344703347434
8.040000000000001,-0.00919689117638356,0.027120164619135696
8.05,-0.0033555588587689668,0.027259608764933732
8.06,-0.005835521555322099,0.02436071190890328
8.07,-0.009220893185124866,0.030039906010114716
8.08,-0.010772207530621355,0.02933019771996332
8.09,-0.009382346529215078,0.030852582444838336
8.1,-0.011664820985910257,0.029376045893440127
8.11,-0.007532020864147469,0.02807830589756318
8.120000000000001,-0.01403012811870637,0.028501593662174952
8.13,-0.01115282919109991,0.028690815262135707
8.14,-0.012866394806468071,0.02729560937871745
8.15,-0.013961127275503148,0.03101854624124617
8.16,-0.007513372702212767,0.03065726700793514
8.17,-0.007712959652525884,0.02912204813521848
8.18,-0.01057460125375875,0.02909379732630649
8.19,-0.007159469639652942,0.030661207006704445
8.2,-0.006314164346830926,0.03134354804342513
8.21,-0.004397597144531902,0.028123451930824293
8.22,-0.0023243035265236847,0.026099085538626682
8.23,-0.007410571483898058,0.019281762685918042
8.24,-0.002652662859311043,0.021222473385840653
8.25,0.001681817698960824,0.020762328442449313
8.26,-0.0018489729821289747,0.01829154312189199
8.27,0.0007210641019000764,0.016404005949203323
8.28,0.0076158258714919425,0.015122880096562355
8.290000000000001,0.0012948682227668568,0.014230363955512717
8.3,0.004778855738957062,0.01791065229700029
8.31,0.008664291440051645,0.012486017206436432
8.32,0.00575485777820715,0.014946871345285427
8.33,0.012287477216091287,0.01001256040953748
8.34,0.01605134511603148,0.008752753286148895
8.35,0.011223566050207214,0.004357270357434119
8.36,0.01619495981478626,0.005227015512276795
8.370000000000001,0.014055639281589559,0.004732527414792864
8.38,0.016045827605137935,0.0042152268343934336
8.39,0.01751098233317808,0.0030265442955666206
8.4,0.022089261912018758,0.0006444768880898089
8.41,0.016689551981494993,0.0013219477984715501
8.42,0.022785298206773285,-0.005663642373179734
8.43,0.02297528945258036,-0.0035139503423917023
8.44,0.02521621215838353,-0.005336923279937549
8.45,0.02447511535380597,-0.006422826891222293
8.46,0.023531451556398818,-0.00338014406030982
8.47,0.02890588618266498,-0.008837105258933898
8.48,0.029619440835563254,-0.008824305147787634
8.49,0.028822420021219257,-0.0104472888331282
8.5,0.02832766496145951,-0.014507812967504845
8.51,0.02574214895295733,-0.011002994544253325
8.52,0.03305807804550519,-0.007517376678358884
8.53,0.02616187236046263,-0.00993647477953414
8.540000000000001,0.03049329508719651,-0.010060869518852848
8.55,0.02976914569021944,-0.01654023026283253
8.56,0.03055055434471222,-0.010020963749944338
8.57,0.02461702665880795,-0.012103647258472837
8.58,0.029632951334882498,-0.008086724051129037
8.59,0.02797588084263763,-0.01189992099308501
8.6,0.028143404988467003,-0.004832485741007206
8.61,0.025543376365707953,-0.005961315791322986
8.620000000000001,0.029946900902989963,-0.007038474760818971
8.63,0.02153479039779299,-0.005363859401815006
8.64,0.027765469575620958,-0.0035508754029477214
8.65,0.02538808231084964,-0.0027792699966930627
8.66,0.02268474461131791,0.001086573675307944
8.67,0.021270398949465245,-0.004467159648857492
8.68,0.023196253777514404,-0.0033547965645352924
8.69,0.020666811934082856,0.0027129095269406225
8.700000000000001,0.017230237119693684,0.0028534064271548967
8.71,0.018142529173431732,0.0047615168922652
8.72,0.015787157853446098,0.008287321872120407
8.73,0.016538999931683344,0.005609135303427316
8.74,0.01286499457229122,0.009364424220785702
8.75,0.008965519297492978,0.008452040606194101
8.76,0.008257806374575502,0.015144975943680066
8.77,0.006871316502925636,0.01524997472963156
8.78,0.005163217135108725,0.014507248867838626
8.790000000000001,0.006388334927459001,0.014096433495308518
8.8,0.002068317412255154,0.018097887480169297
8.81,-0.00014589032117896567,0.019015325531854147
8.82,0.00011626117509363625,0.022187390076718126
8.83,-0.002089135820767589,0.017233239938532617
8.84,-0.003696681404357561,0.019593457270106376
8.85,-0.0067193242911354634,0.020879640155695916
8.86,-0.0021212158800727864,0.026465942119918144
8.870000000000001,-0.008546682665128248,0.025795986841315906
8.88,-0.008780765147194206,0.023983196487639646
8.89,-0.007756491922753907,0.025482399456588353
8.9,-0.0067019937821117745,0.029264466342879044
8.91,-0.0050610847348422725,0.028451181621076016
8.92,-0.009700397936579608,0.030216704043617384
8.93,-0.009919349127969178,0.030498958332556624
8.94,-0.008379730765149817,0.029742088516658105
8.950000000000001,-0.007395308134409582,0.030743567346051676
8.96,-0.010152876449956414,0.032897683263700246
8.97,-0.015328582710892352,0.026057209582912612
8.98,-0.010399469640663074,0.02767221630033078
8.99,-0.009353718942448849,0.0284653939727427
9.0,-0.009411850178297139,0.02805936025973025
9.01,-0.006526740559932253,0.027549002911421042
9.02,-0.010635852835932168,0.026983936071962665
9.03,-0.0038358448839369433,0.03079242817345678
9.040000000000001,-0.006215463833806102,0.025447404850170306
9.05,-0.006524466334391686,0.0216555240747862
9.06,-0.0026248200376349584,0.025916258794708397
9.07,-0.004247065540282323,0.02560522077130063
9.08,-0.0010168692913908111,0.021564665248372694
9.09,-0.00123797406412054,0.0215412034136176
9.1,0.0033665027495145268,0.018010293139892174
9.11,0.0037783121583414908,0.02005601304234405
9.120000000000001,0.0013893266775040455,0.014755635326533829
9.13,0.0038233144662058504,0.01725492529630518
9.14,0.006443866905234722,0.015410176881491556
9.15,0.005911867907679157,0.014586141562675499
9.16,0.010691780000903121,0.013291844298170328
9.17,0.008455773185536447,0.011154440229764254
9.18,0.013048649839744707,0.007652513501975033
9.19,0.017037449647021495,0.0071536825782991306
9.200000000000001,0.01650098026185948,0.006812191704435426
9.21,0.015205652513907177,0.003824481946616972
9.22,0.01549850826758044,0.00045829519737597803
9.23,0.020043434083716893,0.0037382175526506803
9.24,0.01946810597986394,0.0003996309923954684
9.25,0.018865109837645284,-0.005047164854921606
9.26,0.02184065374347561,-0.003174727219170547
9.27,0.021137700328002378,-0.007310942779830261
9.28,0.02237732567386454,-0.007300008242470946
9.290000000000001,0.022625378520320285,-0.010532261135296735
9.3,0.026368474550811653,-0.007133401895505627
9.31,0.025615307868101737,-0.008173313615230415
9.32,0.029340068442779584,-0.005423307080298385
9.33,0.029955206570780206,-0.007368953537745912
9.34,0.028812572245025533,-0.008937282297508255
9.35,0.028565698392625908,-0.011897816021228535
9.36,0.02915059789649041,-0.012200391992569922
9.370000000000001,0.027056637210153663,-0.008533604320165148
9.38,0.02898495772416688,-0.010970274004492131
9.39,0.0319591106009617,-0.007109300345256869
9.4,0.02964938519596012,-0.00895132566620999
9.41,0.028261201635435163,-0.012906501882376204
9.42,0.029952459102464225,-0.009102377066702371
9.43,0.025975007648704106,-0.0067763890128540345
9.44,0.026074308956171608,-0.00672510890829751
9.450000000000001,0.028411775896947166,-0.008644874160259218
9.46,0.024242774919179994,-0.003292406131241634
9.47,0.023307880812447355,-0.0043599824310465215
9.48,0.020608839056337102,-0.0020058056138229727
9.49,0.024777250408000016,-0.0010634218338701192
9.5,0.02419127230423782,0.0007633876615778822
9.51,0.018355663586826013,0.0020786025899853923
9.52,0.019461923798460946,0.00042315716055973165
9.53,0.01826150034633078,-0.0006558654935762027
9.540000000000001,0.017346809246535082,0.003694533268412941
9.55,0.01625540974343868,0.008756632579986339
9.56,0.013103107303548843,0.005235265706540899
9.57,0.009833052941010122,0.007393603540064993
9.58,0.012655161052863843,0.008662334453858517
9.59,0.009728197279623365,0.015147015260306814
9.6,0.008653010502980594,0.015929744971006
9.61,0.005419648601094652,0.014075576012824876
9.620000000000001,0.004142233119078927,0.016834153751194052
9.63,0.0024107838521447073,0.015045784580587442
9.64,-0.0019994204996078026,0.01729889968935475
9.65,0.0017053339750234282,0.01915446460769298
9.66,0.001688489959069033,0.020918016180016638
9.67,-7.958153526538368e-05,0.02270982057931396
9.68,-0.0041861861822610775,0.025231994006057995
9.69,-0.003909968916617761,0.022779659363763045
9.700000000000001,-0.006705410645999341,0.025770633605088952
9.71,-0.004432227816866154,0.02442388923740697
9.72,-0.005549998739968555,0.02814541454218367
9.73,-0.006636287386019208,0.023422591576269323
9.74,-0.008910960664976566,0.02635308193859382
9.75,-0.009765080308495778,0.02787848885555248
9.76,-0.011783113478771074,0.026784435052686222
9.77,-0.00830479616714341,0.02810133862332687
9.78,-0.009424553617564418,0.028728529075080837
9.790000000000001,-0.008585943811000538,0.02797566012094564
9.8,-0.01264899214210391,0.03115736431674454
9.81,-0.006978844027970673,0.03058337099985775
9.82,-0.012986033650611314,0.029667324590032115
9.83,-0.010118761844457322,0.027936965440916166
9.84,-0.009425420150283702,0.027073884314299048
9.85,-0.006353438670902151,0.024852484863082003
9.86,-0.005961894746686202,0.02589149362291034
9.870000000000001,-0.007521315281953857,0.025231302253611254
9.88,-0.005089962315240399,0.025698110560518975
9.89,-0.005718865557432372,0.026155073064439996
9.9,-0.0021898971934280337,0.022298311135821383
9.91,-0.0037415223166390923,0.021764179937312653
9.92,-0.0003025858498823101,0.017892008649523
9.93,0.00036351505179299293,0.01675458971932877
9.94,0.0027112615864333537,0.018228397111136007
9.950000000000001,0.001928230715779072,0.015197255384406545
9.96,0.007596949087913249,0.012944397934964387
9.97,0.005367060674567655,0.014036097989396708
9.98,0.007572002585938683,0.014485530312968455
9.99,0.010466960162857137,0.011520962187827393
